Number of Compounds	CV R2	CV RMSE	CV MSE	CV MAE
1647	0.741877983313193	0.7025214456903949	0.4969716080304522	0.5307240224509756
