Number of Compounds	LOOCV R2	LOOCV RMSE	LOOCV MSE	LOOCV MAE
1647	0.741877983313193	0.7025214456903949	0.4969716080304522	0.5307240224509756
